{
  "creatureDataList": [

    {
      "id": "crab",
      "enabled": true,
      "spineActor": "crab",
      "spineSkin": "basic",
      "spineBaseScale": 0.22,
      "maxHealth": 15,
      "walkAcceleration": 960,
      "maxWalkSpeedTilesPerSec": 0.97,
      "physicsRadius": 30,
      "hitRadius": 45,
      "aggressive": true,
      "aggressiveIfAttacked": true,
      "searchTimerDelay": 1.0,
      "aggroDistance": 520,
      "giveUpDistance": 800,
      "footStepSoundFx": {
        "path": "sounds/crab-footstep.ogg",
        "minPitch": 1.8,
        "maxPitch": 2,
        "volume": 0.2
      },
      "aggroSoundFx":   {
        "path": "sounds/crab-aggro.ogg",
        "minPitch": 1.2,
        "maxPitch": 1.5,
        "volume": 0.2
      },
      "deathSoundFx": {
        "path": "sounds/bloodSplat2.ogg",
        "volume": 0.4,
        "minPitch": 1.1,
        "maxPitch": 1.25
      },
      "deathParticles": "particles/bloodsplat-green.p",
      "spawnBiomes" : [ "ground", "rock" ],
      "minSpawnTileDistFromOrigin": 30,
      "maxPatrolTileDistanceFromSpawn": 10,
      "minTileDistFromOtherCreatures": 15,
      "attackDataList" : [
        {
          "id": "attack1",
          "attackType": "melee",
          "preAttackAnim": "preattack",
          "showTargetIndicator": false,
          "attackAnim": "lurch",
          "chance": 0.75,
          "minDamage": 7,
          "maxDamage": 10,
          "knockback": 5,
          "attackWindup": 0.6,
          "attackDuration": 0.3,
          "attackCooldown": 1.5,
          "minDistanceFromPlayer": 0,
          "maxDistanceFromPlayer": 230,
          "maxLurchDistance": 200,
          "attackRadius": 80,
          "soundPreAttack":  null,
          "soundStart":  {
            "path": "sounds/crab-attack-lurch.ogg",
            "volume": 0.25,
            "minPitch": 1.6,
            "maxPitch": 1.8
          },
          "soundMiss":  {
            "path": "sounds/crab-attack-hit.ogg",
            "volume": 0.2,
            "minPitch": 0.8,
            "maxPitch": 1.0
          },
          "soundHit":  {
            "path": "sounds/crab-attack-hit.ogg",
            "volume": 0.5,
            "minPitch": 1.2,
            "maxPitch": 1.4
          },
          "hitParticles": "particles/shell-attack1.p"
        }
      ],
      "itemDrops": [
        {
          "minDrop": 1,
          "maxDrop": 2,
          "itemList": [
            {
              "itemId": "rock",
              "dropChance": 0.6
            },
            {
              "itemId": "ore",
              "dropChance": 0.3
            }
          ]
        }
      ]
    },
    {
      "id": "firecrab",
      "enabled": true,
      "spineActor": "crab",
      "spineSkin": "fire",
      "lightColor": "dc3a25ff",
      "lightRadius": 150,
      "spineBaseScale": 0.26,
      "maxHealth": 25,
      "walkAcceleration": 960,
      "maxWalkSpeedTilesPerSec": 0.97,
      "physicsRadius": 45,
      "hitRadius": 45,
      "aggressive": true,
      "aggressiveIfAttacked": true,
      "searchTimerDelay": 1.0,
      "aggroDistance": 480,
      "giveUpDistance": 700,
      "fireDamageArmor": 0,
      "footStepSoundFx": {
        "path": "sounds/crab-footstep.ogg",
        "minPitch": 1.8,
        "maxPitch": 2,
        "volume": 0.2
      },
      "aggroSoundFx":   {
        "path": "sounds/crab-aggro.ogg",
        "minPitch": 1.2,
        "maxPitch": 1.5,
        "volume": 0.2
      },
      "deathSoundFx": {
        "path": "sounds/bloodSplat2.ogg",
        "volume": 0.4,
        "minPitch": 1.1,
        "maxPitch": 1.25
      },
      "deathParticles": "particles/bloodsplat-orange.p",
      "spawnBiomes" : [ "volcanic" ],
      "minSpawnTileDistFromOrigin": 30,
      "maxPatrolTileDistanceFromSpawn": 10,
      "minTileDistFromOtherCreatures": 15,
      "attackDataList" : [
        {
          "id": "attack1",
          "attackType": "melee",
          "preAttackAnim": "preattack",
          "attackAnim": "lurch",
          "chance": 0.5,
          "minDamage": 7,
          "maxDamage": 10,
          "knockback": 5,
          "attackWindup": 0.6,
          "attackDuration": 0.3,
          "attackCooldown": 1.5,
          "minDistanceFromPlayer": 0,
          "maxDistanceFromPlayer": 230,
          "maxLurchDistance": 200,
          "attackRadius": 80,
          "soundPreAttack":  null,
          "soundStart":  {
            "path": "sounds/crab-attack-lurch.ogg",
            "volume": 0.25,
            "minPitch": 1.6,
            "maxPitch": 1.8
          },
          "soundMiss":  {
            "path": "sounds/crab-attack-hit.ogg",
            "volume": 0.2,
            "minPitch": 0.8,
            "maxPitch": 1.0
          },
          "soundHit":  {
            "path": "sounds/crab-attack-hit.ogg",
            "volume": 0.5,
            "minPitch": 1.2,
            "maxPitch": 1.4
          },
          "hitParticles": "particles/shell-attack1.p"
        },
        {
          "id": "attack2",
          "attackType": "aoe",
          "showTargetIndicator": false,
          "preAttackAnim": "fire-aoe-preattack",
          "attackAnim": "fire-aoe-land",
          "chance": 0.50,
          "minDamage": 10,
          "maxDamage": 15,
          "knockback": 15,
          "attackWindupParticles": "particles/crab-fire-windup.p",
          "attackWindup": 0.9,
          "attackDuration": 0.0,
          "attackCooldown": 1.5,
          "minDistanceFromPlayer": 0,
          "maxDistanceFromPlayer": 150,
          "maxLurchDistance": 0,
          "attackRadius": 150,
          "soundPreAttack":  null,
          "soundStart":  {
            "path": "sounds/crab-attack-lurch.ogg",
            "volume": 0.25,
            "minPitch": 1.6,
            "maxPitch": 1.8
          },
          "soundMiss":  {
            "path": "sounds/crab-attack-hit.ogg",
            "volume": 0.2,
            "minPitch": 0.8,
            "maxPitch": 1.0
          },
          "soundHit":  {
            "path": "sounds/crab-attack-hit.ogg",
            "volume": 0.5,
            "minPitch": 1.2,
            "maxPitch": 1.4
          },
          "hitParticles": "particles/crab-fire-aoe.p"
        }
      ],
      "itemDrops": [
        {
          "minDrop": 1,
          "maxDrop": 2,
          "itemList": [
            {
              "itemId": "rock",
              "dropChance": 0.4
            },
            {
              "itemId": "crystal",
              "dropChance": 0.6
            }
          ]
        }
      ]
    },
    {
      "id": "slug",
      "enabled": true,
      "spineActor": "slug",
      "spineSkin": "basic",
      "spineBaseScale": 0.22,
      "maxHealth": 15,
      "walkAcceleration": 960,
      "maxWalkSpeedTilesPerSec": 0.97,
      "physicsRadius": 30,
      "hitRadius": 45,
      "aggressive": true,
      "aggressiveIfAttacked": true,
      "searchTimerDelay": 1.0,
      "aggroDistance": 520,
      "giveUpDistance": 800,
      "footStepSoundFx": {
        "path": "sounds/slug-footstep.ogg",
        "minPitch": 0.9,
        "maxPitch": 1.2,
        "volume": 0.5
      },
      "aggroSoundFx":   {
        "path": "sounds/crab-aggro.ogg",
        "minPitch": 1.2,
        "maxPitch": 1.5,
        "volume": 0.2
      },
      "deathSoundFx": {
        "path": "sounds/bloodSplat2.ogg",
        "volume": 0.4,
        "minPitch": 1.1,
        "maxPitch": 1.25
      },
      "deathParticles": "particles/bloodsplat-green.p",
      "spawnBiomes" : [ "ground", "mud" ],
      "minSpawnTileDistFromOrigin": 40,
      "maxPatrolTileDistanceFromSpawn": 10,
      "minTileDistFromOtherCreatures": 15,
      "attackDataList" : [
        {
          "id": "attack1",
          "attackType": "melee",
          "preAttackAnim": "preattack",
          "attackAnim": "lurch",
          "chance": 0.75,
          "minDamage": 7,
          "maxDamage": 10,
          "knockback": 5,
          "attackWindup": 0.6,
          "attackDuration": 0.3,
          "attackCooldown": 1.5,
          "minDistanceFromPlayer": 0,
          "maxDistanceFromPlayer": 230,
          "maxLurchDistance": 200,
          "attackRadius": 80,
          "soundPreAttack":  null,
          "soundStart":  {
            "path": "sounds/crab-attack-lurch.ogg",
            "volume": 0.25,
            "minPitch": 1.6,
            "maxPitch": 1.8
          },
          "soundMiss":  {
            "path": "sounds/crab-attack-hit.ogg",
            "volume": 0.2,
            "minPitch": 0.8,
            "maxPitch": 1.0
          },
          "soundHit":  {
            "path": "sounds/crab-attack-hit.ogg",
            "volume": 0.5,
            "minPitch": 1.2,
            "maxPitch": 1.4
          },
          "hitParticles": "particles/shell-attack1.p"
        },
        {
          "id": "attack2",
          "attackType": "projectile",
          "projectileDataId": "slugSlime",
          "projectileSpawnBone": "jaws",
          "preAttackAnim": "preattack",
          "attackAnim": "lurch",
          "chance": 0.75,
          "minDamage": 7,
          "maxDamage": 10,
          "knockback": 5,
          "attackWindup": 0.6,
          "attackDuration": 0.0,
          "attackCooldown": 0.6,
          "minDistanceFromPlayer": 170,
          "maxDistanceFromPlayer": 350,
          "maxLurchDistance": 0,
          "attackRadius": 0,
          "soundPreAttack":  null,
          "projectileSeq": 1,
          "projectileArc": 90,
          "soundStart":  {
            "path": "sounds/crab-attack-lurch.ogg",
            "volume": 0.25,
            "minPitch": 1.6,
            "maxPitch": 1.8
          },
          "soundMiss":  {
            "path": "sounds/crab-attack-hit.ogg",
            "volume": 0.2,
            "minPitch": 0.8,
            "maxPitch": 1.0
          },
          "soundHit":  {
            "path": "sounds/crab-attack-hit.ogg",
            "volume": 0.5,
            "minPitch": 1.2,
            "maxPitch": 1.4
          },
          "hitParticles": "particles/shell-attack1.p"
        }
      ],
      "itemDrops": [
        {
          "minDrop": 0,
          "maxDrop": 2,
          "itemList": [
            {
              "itemId": "resin",
              "dropChance": 0.3
            },
            {
              "itemId": "creature-guts",
              "dropChance": 0.5
            }
          ]
        }
      ]
    },
    {
      "id": "fireslug",
      "enabled": true,
      "spineActor": "slug",
      "spineSkin": "fire",
      "spineBaseScale": 0.22,
      "maxHealth": 15,
      "walkAcceleration": 960,
      "maxWalkSpeedTilesPerSec": 0.97,
      "physicsRadius": 30,
      "hitRadius": 45,
      "aggressive": true,
      "aggressiveIfAttacked": true,
      "searchTimerDelay": 1.0,
      "aggroDistance": 520,
      "giveUpDistance": 800,
      "fireDamageArmor": 0,
      "footStepSoundFx": {
        "path": "sounds/slug-footstep.ogg",
        "minPitch": 0.8,
        "maxPitch": 1.0,
        "volume": 0.2
      },
      "aggroSoundFx":   {
        "path": "sounds/crab-aggro.ogg",
        "minPitch": 1.2,
        "maxPitch": 1.5,
        "volume": 0.2
      },
      "deathSoundFx": {
        "path": "sounds/bloodSplat2.ogg",
        "volume": 0.4,
        "minPitch": 1.1,
        "maxPitch": 1.25
      },
      "deathParticles": "particles/bloodsplat-orange.p",
      "spawnBiomes" : [ "volcanic", "rock" ],
      "minSpawnTileDistFromOrigin": 150,
      "maxPatrolTileDistanceFromSpawn": 10,
      "minTileDistFromOtherCreatures": 15,
      "attackDataList" : [
        {
          "id": "attack1",
          "attackType": "melee",
          "preAttackAnim": "preattack",
          "attackAnim": "lurch",
          "chance": 0.75,
          "minDamage": 7,
          "maxDamage": 10,
          "knockback": 5,
          "attackWindup": 0.6,
          "attackDuration": 0.3,
          "attackCooldown": 1.5,
          "minDistanceFromPlayer": 0,
          "maxDistanceFromPlayer": 230,
          "maxLurchDistance": 200,
          "attackRadius": 80,
          "soundPreAttack":  null,
          "soundStart":  {
            "path": "sounds/crab-attack-lurch.ogg",
            "volume": 0.25,
            "minPitch": 1.6,
            "maxPitch": 1.8
          },
          "soundMiss":  {
            "path": "sounds/crab-attack-hit.ogg",
            "volume": 0.2,
            "minPitch": 0.8,
            "maxPitch": 1.0
          },
          "soundHit":  {
            "path": "sounds/crab-attack-hit.ogg",
            "volume": 0.5,
            "minPitch": 1.2,
            "maxPitch": 1.4
          },
          "hitParticles": "particles/shell-attack1.p"
        },
        {
          "id": "attack2",
          "attackType": "projectile",
          "projectileDataId": "slugFireBlob",
          "projectileSpawnBone": "jaws",
          "preAttackAnim": "preattack",
          "attackAnim": "lurch",
          "chance": 0.75,
          "minDamage": 7,
          "maxDamage": 10,
          "knockback": 5,
          "attackWindup": 0.6,
          "attackDuration": 0.0,
          "attackCooldown": 0.6,
          "minDistanceFromPlayer": 170,
          "maxDistanceFromPlayer": 350,
          "maxLurchDistance": 0,
          "attackRadius": 0,
          "soundPreAttack":  null,
          "projectileSeq": 1,
          "projectileArc": 90,
          "soundStart":  {
            "path": "sounds/crab-attack-lurch.ogg",
            "volume": 0.25,
            "minPitch": 1.6,
            "maxPitch": 1.8
          },
          "soundMiss":  {
            "path": "sounds/crab-attack-hit.ogg",
            "volume": 0.2,
            "minPitch": 0.8,
            "maxPitch": 1.0
          },
          "soundHit":  {
            "path": "sounds/crab-attack-hit.ogg",
            "volume": 0.5,
            "minPitch": 1.2,
            "maxPitch": 1.4
          },
          "hitParticles": "particles/shell-attack1.p"
        }
      ],
      "itemDrops": [
        {
          "minDrop": 1,
          "maxDrop": 2,
          "itemList": [
            {
              "itemId": "crystal",
              "dropChance": 0.4
            },
            {
              "itemId": "creature-guts",
              "dropChance": 0.5
            }
          ]
        }
      ]
    }

//    {
//      "id": "crab2",
//      "spineActor": "crab2",
//      "spineBaseScale": 0.22,
//      "maxHealth": 25,
//      "walkAcceleration": 940,
//      "maxWalkSpeedTilesPerSec": 0.93,
//      "physicsRadius": 30,
//      "hitRadius": 55,
//      "aggressive": true,
//      "aggressiveIfAttacked": true,
//      "searchTimerDelay": 1.0,
//      "aggroDistance": 520,
//      "giveUpDistance": 800,
//      "footStepSoundFx": {
//        "path": "sounds/crab-footstep.ogg",
//        "minPitch": 1.7,
//        "maxPitch": 1.9,
//        "volume": 0.2
//      },
//      "aggroSoundFx":   {
//        "path": "sounds/crab-aggro.ogg",
//        "minPitch": 1.1,
//        "maxPitch": 1.4,
//        "volume": 0.2
//      },
//      "deathSoundFx": {
//        "path": "sounds/bloodSplat2.ogg",
//        "volume": 0.4,
//        "minPitch": 1.0,
//        "maxPitch": 1.1
//      },
//      "deathParticles": "particles/bloodsplat-green.p",
//      "spawnBiomes" : [ "ground", "rock" ],
//      "minSpawnTileDistFromOrigin": 30,
//      "maxPatrolTileDistanceFromSpawn": 10,
//      "minTileDistFromOtherCreatures": 15,
//      "attackDataList" : [
//        {
//          "id": "attack1",
//          "attackType": "melee",
//          "chance": 0.75,
//          "minDamage": 7,
//          "maxDamage": 20,
//          "knockback": 7,
//          "attackWindup": 0.6,
//          "attackDuration": 0.3,
//          "attackCooldown": 1.5,
//          "maxDistanceFromPlayer": 200,
//          "maxLurchDistance": 230,
//          "attackRadius": 100,
//          "soundPreAttack":  null,
//          "soundStart":  {
//            "path": "sounds/crab-attack-lurch.ogg",
//            "volume": 0.25,
//            "minPitch": 1.6,
//            "maxPitch": 1.8
//          },
//          "soundMiss":  {
//            "path": "sounds/crab-attack-hit.ogg",
//            "volume": 0.2,
//            "minPitch": 0.8,
//            "maxPitch": 1.0
//          },
//          "soundHit":  {
//            "path": "sounds/crab-attack-hit.ogg",
//            "volume": 0.5,
//            "minPitch": 1.2,
//            "maxPitch": 1.4
//          },
//          "hitParticles": ""
//        }
//      ],
//      "itemDrops": [
//        {
//          "minDrop": 1,
//          "maxDrop": 3,
//          "itemList": [
//            {
//              "itemId": "rock",
//              "dropChance": 0.6
//            },
//          ]
//        }
//      ]
//    }
  ]
}