{
  "itemDataList": [

    /* Crafting station stuff ------------------------------------- */


    {
      "id": "crafting-station-builder",
      "sprite": "workbench",
      "craftedIn": ["crafting-station"],
      "craftTime": 4,
      "maxCarry": 10,
      "requires": [
        {
          "id": "scrap",
          "quantity": 3
        }
      ],
      "actions": [
        {
          "type": "createBuilding",
          "value": "CraftingStation",
          "buildTime": 2
        }
      ]
    },



    /* ITEMS  -------------------------------------------- */


    {
      "id": "shovel",
      "sprite": "shovel1",
      "craftedIn": ["crafting-station"],
      "useAnimName": "interactTool",
      "craftTime": 2,
      "requires": [
        {
          "id": "scrap",
          "quantity": 2
        },
        {
          "id": "wood",
          "quantity": 1
        }
      ],
      "actions": [
        {
          "type": "mine",
          "value": 1
        }
      ],
      "durability": 80, // div by 4 = 20 ore
      "minMeleeDamage": 5,
      "maxMeleeDamage": 7
    },

    {
      "id": "shovel2",
      "sprite": "shovel2",
      "craftedIn": ["crafting-station"],
      "useAnimName": "interactTool",
      "craftTime": 3,
      "requires": [
        {
          "id": "scrap",
          "quantity": 4
        },
        {
          "id": "metal",
          "quantity": 2
        }
      ],
      "actions": [
        {
          "type": "mine",
          "value": 1.5
        }
      ],
      "durability": 320, // div by 4 = 80 ore
      "techReq": "tools",
      "minMeleeDamage": 8,
      "maxMeleeDamage": 12
    },

    {
      "id": "pickaxe",
      "sprite": "pickaxe",
      "craftedIn": ["crafting-station"],
      "useAnimName": "interactTool",
      "craftTime": 12,
      "requires": [
        {
          "id": "crystal",
          "quantity": 4
        },
        {
          "id": "metal",
          "quantity": 4
        }
      ],
      "actions": [
        {
          "type": "mine",
          "value": 2
        }
      ],
      "durability": 480, // div by 4 = 120 ore
      "techReq": "crystalTech",
      "minMeleeDamage": 12,
      "maxMeleeDamage": 18
    },

    {
      "id": "axe",
      "sprite": "axe",
      "craftedIn": ["crafting-station"],
      "useAnimName": "interactTool",
      "craftTime": 2,
      "requires": [
        {
          "id": "scrap",
          "quantity": 4
        },
        {
          "id": "metal",
          "quantity": 1
        }
      ],
      "actions": [
        {
          "type": "cut",
          "value": 1
        }
      ],
      "durability": 200,
      "techReq": "tools",
      "minMeleeDamage": 8,
      "maxMeleeDamage": 12
    },

//    {
//      "id": "hammer",
//      "sprite": "missing",
//      "craftedIn": ["crafting-station"],
//      "useAnimName": "interactTool",
//      "craftTime": 2,
//      "requires": [
//        {
//          "id": "scrap",
//          "quantity": 2
//        },
//        {
//          "id": "metal",
//          "quantity": 1
//        }
//      ],
//      "actions": [
//        {
//          "type": "deconstruct",
//          "value": 1
//        }
//      ],
//      "durability": 80, // div by 4 = 20 ore
//      "minMeleeDamage": 5,
//      "maxMeleeDamage": 7
//    },

    {
      "id": "jackhammer",
      "sprite": "jackhammer",
      "craftedIn": ["crafting-station"],
      "craftTime": 2,
      "useAnimName": "jackhammer",
      "requires": [
        {
          "id": "scrap",
          "quantity": 2
        },
        {
          "id": "metal",
          "quantity": 2
        },
        {
          "id": "wire",
          "quantity": 1
        }
      ],
      "actions": [
        {
          "type": "mine",
          "value": 1
        }
      ],
      "techReq": "tools",
      "durability": 1500
    },


    {
      "id": "torch-builder",
      "sprite": "torch-item",
      "craftedIn": ["crafting-station"],
      "craftTime": 1,
      "maxCarry": 20,
      "requires": [
        {
          "id": "wood",
          "quantity": 1
        },
        {
          "id": "plant",
          "quantity": 1
        }
      ],
      "actions": [
        {
          "type": "createBuilding",
          "value": "Torch",
          "buildTime": 0.5
        }
      ]
    },

    {
      "id": "crystallamp-builder",
      "sprite": "crystal-lamp-builder",
      "craftedIn": ["crafting-station"],
      "craftTime": 8,
      "maxCarry": 10,
      "requires": [
        {
          "id": "crystal",
          "quantity": 2
        },
        {
          "id": "electronics",
          "quantity": 2
        }
      ],
      "actions": [
        {
          "type": "createBuilding",
          "value": "CrystalLamp",
          "buildTime": 1
        }
      ],
      "techReq": "crystalTech"
    },

    {
      "id": "woodsign-builder",
      "sprite": "wood-sign",
      "craftedIn": ["crafting-station"],
      "craftTime": 1,
      "maxCarry": 20,
      "requires": [
        {
          "id": "wood",
          "quantity": 2
        }
      ],
      "actions": [
        {
          "type": "createBuilding",
          "value": "WoodSign",
          "buildTime": 1
        }
      ]
    },


    {
      "id": "flagpole-builder",
      "sprite": "flagpole-builder",
      "craftedIn": [],
      "craftTime": 1,
      "requires": [
        {
          "id": "wood",
          "quantity": 2
        },
        {
          "id": "scrap",
          "quantity": 1
        },
        {
          "id": "resin",
          "quantity": 1
        }
      ],
      "actions": [
        {
          "type": "createBuilding",
          "value": "FlagPole",
          "buildTime": 1
        }
      ]
    },




    /* ------ important modules ----------- */


    {
      "id": "smelter-builder",
      "sprite": "smelter",
      "craftedIn": [ "crafting-station" ],
      "craftTime": 4,
      "maxCarry": 10,
      "requires": [
        {
          "id": "scrap",
          "quantity": 4
        },
        {
          "id": "rock",
          "quantity": 4
        }
      ],
      "actions": [
        {
          "type": "createBuilding",
          "value": "Smelter",
          "buildTime": 2
        }
      ]
    },

    {
      "id": "sciencelab-builder",
      "sprite": "scilab-builder",
      "craftedIn": [
        "crafting-station"
      ],
      "craftTime": 4,
      "maxCarry": 10,
      "requires": [
        {
          "id": "metal",
          "quantity": 5
        },
        {
          "id": "electronics",
          "quantity": 2
        },
        {
          "id": "scrap",
          "quantity": 2
        }
      ],
      "actions": [
        {
          "type": "createBuilding",
          "value": "ScienceLab",
          "buildTime": 4
        }
      ]
    },

    {
      "id": "constructionyard-builder",
      "sprite": "constructionyard",
      "craftedIn": [
        "crafting-station"
      ],
      "craftTime": 8,
      "maxCarry": 10,
      "requires": [
        {
          "id": "metal-beam",
          "quantity": 2
        },
        {
          "id": "component",
          "quantity": 3
        },
        {
          "id": "electronics",
          "quantity": 1
        }
      ],
      "actions": [
        {
          "type": "createBuilding",
          "value": "ConstructionYard",
          "buildTime": 4
        }
      ],
      "techReq": "construction"
    },


    {
      "id": "wire",
      "sprite": "wire",
      "craftedIn": ["crafting-station"],
      "maxCarry": 20,
      "craftTime": 1.0,
      "craftingQuantity": 3,
      "requires": [
        {
          "id": "metal",
          "quantity": 1
        }
      ]
    },

    {
      "id": "component",
      "sprite": "component",
      "craftedIn": ["crafting-station"],
      "maxCarry": 20,
      "craftTime": 1.0,
      "craftingQuantity": 3,
      "requires": [
        {
          "id": "metal",
          "quantity": 1
        }
      ]
    },

    {
      "id": "electronics",
      "sprite": "electronics",
      "craftedIn": ["crafting-station"],
      "maxCarry": 20,
      "craftTime": 1.0,
      "requires": [
        {
          "id": "metal",
          "quantity": 1
        },
        {
          "id": "wire",
          "quantity": 3
        },
        {
          "id": "scrap",
          "quantity": 1
        }
      ]
    },

//    {
//      "id": "liquidtank",
//      "sprite": "",
//      "craftedIn": ["crafting-station"],
//      "maxCarry": 20,
//      "craftTime": 5.0,
//      "requires": [
//        {
//          "id": "metal",
//          "quantity": 4
//        }
//      ],
//      "techReq": "storage"
//    },



    {
      "id": "engine",
      "sprite": "engine",
      "craftedIn": ["crafting-station"],
      "maxCarry": 10,
      "craftTime": 3.0,
      "requires": [
        {
          "id": "component",
          "quantity": 3
        },
        {
          "id": "wire",
          "quantity": 3
        }
      ],
      "techReq": "power"
    },

    {
      "id": "woodfloor-builder",
      "sprite": "woodfloor",
      "craftedIn": ["crafting-station"],
      "craftTime": 2,
      "craftingQuantity": 4,
      "maxCarry": 32,
      "requires": [
        {
          "id": "wood",
          "quantity": 4
        }
      ],
      "actions": [
        {
          "type": "createFloor",
          "value": "WoodFloor",
          "buildTime": 0.5
        }
      ],
      "techReq": "flooring"
    },


    {
      "id": "stonewall-builder",
      "sprite": "stonewall-builder",
      "craftedIn": ["crafting-station"],
      "craftingQuantity": 3,
      "craftTime": 3,
      "maxCarry": 30,
      "requires": [
        {
          "id": "rock",
          "quantity": 3
        }
      ],
      "actions": [
        {
          "type": "createBuilding",
          "value": "BarrierWall",
          "buildTime": 1
        }
      ]
    },

    {
      "id": "metalwall-builder",
      "sprite": "metalwall-builder",
      "craftedIn": ["constructionyard"],
      "craftingQuantity": 3,
      "craftTime": 3,
      "maxCarry": 30,
      "requires": [
        {
          "id": "metal",
          "quantity": 2
        },
        {
          "id": "metal-beam",
          "quantity": 1
        }
      ],
      "actions": [
        {
          "type": "createBuilding",
          "value": "MetalWall",
          "buildTime": 1
        }
      ]
    },

    {
      "id": "gate-builder",
      "sprite": "gate-builder",
      "craftedIn": ["constructionyard"],
      "craftingQuantity": 1,
      "craftTime": 3,
      "maxCarry": 10,
      "requires": [
        {
          "id": "component",
          "quantity": 2
        },
        {
          "id": "metal-beam",
          "quantity": 2
        },
        {
          "id": "engine",
          "quantity": 1
        }
      ],
      "actions": [
        {
          "type": "createBuilding",
          "value": "Gate",
          "buildTime": 2
        }
      ]
    },

    /* Item dropper related things  ------------------------------------- */

    {
      "id": "resin",
      "sprite": "resin",
      "maxCarry": 20,
      "craftedIn": ["chemistrylab"],
      "craftTime": 4,
      "craftingQuantity": 1,
      "recyclable": false,
      "requires": [
        {
          "id": "plant",
          "quantity": 2
        }
      ]
    },
    {
      "id": "seed",
      "sprite": "seed",
      "growsInto": "plant",
      "maxCarry": 20
//      "craftTime": 200,
    },
    {
      "id": "tree-seed",
      "sprite": "tree-seed",
      "maxCarry": 20,
      "actions": [
        {
          "type": "createItemDropper",
          "value": "tree-sprout",
          "buildTime": 1
        }
      ]
    },
    {
      "id": "wood",
      "sprite": "wood",
      "maxCarry": 20
    },
    {
      "id": "plant",
      "sprite": "plant",
      "craftedIn": ["gardenpatch", "greenhouse"],
      "maxCarry": 20,
      "craftTime": 700,
      "craftingQuantity": 2,
      "recyclable": false,
      "requires": [
        {
          "id": "seed",
          "quantity": 1
        }
      ],
      "craftingBonusItems": [
        {
          "itemId": "seed",
          "amount": 1
        },
        {
          "itemId": "resin",
          "amount": 1,
          "probability": 0.3
        }
      ],
      "growSprites": [
        "greenhouse-plant-start",
        "greenhouse-plant-middle",
        "greenhouse-plant-full"
      ]
    },
    {
      "id": "fruit",
      "sprite": "fruit",
      "maxCarry": 20,
      "actions": [
        {
         "type": "eat",
          "value": 15,
          "consumeLocMessage": "playerAteMessage"
        }
      ]
    },
    {
      "id": "root-seed",
      "sprite": "root-seed",
      "growsInto": "root",
      "maxCarry": 20
//      "craftTime": 200,
    },
    {
      "id": "root",
      "sprite": "root",
      "craftedIn": ["gardenpatch", "greenhouse"],
      "maxCarry": 20,
      "craftTime": 700,
      "craftingQuantity": 2,
      "recyclable": false,
      "requires": [
        {
          "id": "root-seed",
          "quantity": 1
        }
      ],
      "craftingBonusItems": [
        {
          "itemId": "root-seed",
          "amount": 1
        },
        {
          "itemId": "resin",
          "amount": 1,
          "probability": 0.4
        }
      ],
      "growSprites": [
        "greenhouse-plant-start",
        "greenhouse-root-middle",
        "greenhouse-root-full"
      ]
    },
    {
      "id": "blueshroom",
      "sprite": "blueshroom",
      "craftedIn": ["greenhouse"],
      "maxCarry": 20,
      "craftTime": 700,
      "craftingQuantity": 2,
      "recyclable": false,
      "requires": [
        {
          "id": "blueshroom-seed",
          "quantity": 1
        }
      ],
      "craftingBonusItems": [
        {
          "itemId": "blueshroom-seed",
          "amount": 1
        },
        {
          "itemId": "resin",
          "amount": 1,
          "probability": 0.3
        }
      ],
      "growSprites": [
        "greenhouse-blueshroom-start",
        "greenhouse-blueshroom-middle",
        "greenhouse-blueshroom-full"
      ]
    },
//    {
//      "id": "bluegoo",
//      "sprite": "bluegoo",
//      "craftedIn": ["greenhouse"],
//      "maxCarry": 10,
//      "craftTime": 180,
//      "craftingQuantity": 2,
//      "requires": [
//        {
//          "id": "blueshroom-seed",
//          "quantity": 1
//        }
//      ],
//      "craftingBonusItems": [
//        {
//          "itemId": "blueshroom-seed",
//          "amount": 1
//        }
//      ]
//    },
    {
      "id": "blueshroom-seed",
      "sprite": "blueshroom-seed",
//      "craftTime": 180,
      "growsInto": "blueshroom",
      "maxCarry": 20
    },
    {
      "id": "crystal",
      "sprite": "crystal",
      "maxCarry": 20
    },
    {
      "id": "chemical",
      "sprite": "chemical",
      "craftedIn": ["chemistrylab"],
      "maxCarry": 20,
      "craftTime": 16,
      "craftingQuantity": 1,
      "recyclable": false,
      "requires": [
        {
          "id": "blueshroom",
          "quantity": 2
        },
        {
          "id": "drink-water",
          "quantity": 1
        }
      ],
      "techReq": "chemistry"
    },


    {
      "id": "batterycell",
      "sprite": "batterycell",
      "craftedIn": ["chemistrylab"],
      "maxCarry": 20,
      "craftTime": 8.0,
      "requires": [
        {
          "id": "wire",
          "quantity": 2
        },
        {
          "id": "chemical",
          "quantity": 1
        }
      ],
      "techReq": "batteries"
    },


//    {
//      "id": "glass",
//      "sprite": "glass",
//      "craftedIn": [
//        "smelter"
//      ],
//      "maxCarry": 10,
//      "craftTime": 3.0,
//      "requires": [
//        {
//          "id": "sand",
//          "quantity": 2
//        }
//      ]
//    },


    {
      "id": "ice",
      "sprite": "ice",
      "maxCarry": 20
    },
    {
      "id": "scrap",
      "sprite": "scrap",
      "maxCarry": 20
    },
    {
      "id": "ore",
      "sprite": "ore",
      "maxCarry": 20
    },
    {
      "id": "special-ore",
      "sprite": "special-ore",
      "maxCarry": 20
    },
    {
      "id": "rock",
      "sprite": "rock",
      "maxCarry": 20
    },
//    {
//      "id": "sand",
//      "sprite": "sand",
//      "maxCarry": 10
//    },
    {
      "id": "radioactive-ore",
      "sprite": "radioactive-ore",
      "maxCarry": 20
    },

    {
      "id": "gasket",
      "sprite": "gasket",
      "craftedIn": [
        "crafting-station"
      ],
      "maxCarry": 10,
      "craftTime": 7.0,
      "requires": [
        {
          "id": "resin",
          "quantity": 1
        }
      ]
    },

    /* Smelter ------------------------------------- */

    {
      "id": "metal",
      "sprite": "metal-refined",
      "craftedIn": [
        "smelter"
      ],
      "maxCarry": 20,
      "craftTime": 7.0,
      "recyclable": false,
      "requires": [
        {
          "id": "ore",
          "quantity": 1
        }
      ]
    },
    {
      "id": "metal-beam",
      "sprite": "metal-beam",
      "craftedIn": [
        "smelter"
      ],
      "maxCarry": 10,
      "craftTime": 5.0,
      "requires": [
        {
          "id": "metal",
          "quantity": 2
        }
      ]
    },
    {
      /* No longer used in game */
      "id": "refined-scrap",
      "sprite": "refined-scrap",
      "craftTime": 10.0,
      "maxCarry": 10,
      "requires": [
        {
          "id": "scrap",
          "quantity": 3
        }
      ]
    },
    {
      "id": "special-metal",
      "sprite": "special-metal",
      "recyclable": false,
      "craftedIn": [
        "smelter"
      ],
      "maxCarry": 20,
      "craftTime": 14.0,
      "requires": [
        {
          "id": "special-ore",
          "quantity": 1
        }
      ],
      "techReq": "crystalTech"
    },
    {
      "id": "nuclear-fuel",
      "sprite": "nuclear-fuel",
      "recyclable": false,
      "craftedIn": [
        "smelter"
      ],
      "maxCarry": 10,
      "craftTime": 16.0,
      "requires": [
        {
          "id": "radioactive-ore",
          "quantity": 3
        }
      ],
      "techReq": "power3"
    },

    {
      "id": "stonepath-builder",
      "sprite": "stonepath1",
      "craftedIn": [
        "smelter"
      ],
      "craftTime": 2,
      "craftingQuantity": 4,
      "maxCarry": 32,
      "requires": [
        {
          "id": "rock",
          "quantity": 2
        }
      ],
      "actions": [
        {
          "type": "createFloor",
          "value": "StonePath",
          "buildTime": 0.5
        }
      ],
      "techReq": "flooring"
    },


    {
      "id": "pavement-builder",
      "sprite": "pavement",
      "craftedIn": [
        "smelter"
      ],
      "craftTime": 2,
      "craftingQuantity": 4,
      "maxCarry": 32,
      "requires": [
        {
          "id": "rock",
          "quantity": 3
        },
        {
          "id": "drink-water",
          "quantity": 1
        }
      ],
      "actions": [
        {
          "type": "createFloor",
          "value": "PavementFloor",
          "buildTime": 0.5
        }
      ],
      "techReq": "flooring"
    },

    {
      "id": "pavement-striped-builder",
      "sprite": "pavement-striped1",
      "craftedIn": [
        "smelter"
      ],
      "craftTime": 0.5,
      "craftingQuantity": 1,
      "maxCarry": 32,
      "requires": [
        {
          "id": "pavement-builder",
          "quantity": 1
        }
      ],
      "actions": [
        {
          "type": "createFloor",
          "value": "PavementStripedFloor",
          "buildTime": 0.5
        }
      ],
      "techReq": "flooring"
    },


    {
      "id": "sci-scanner1",
      "sprite": "science-scanner",
      "craftTime": 3,
      "requires": [
        {
          "id": "scrap",
          "quantity": 2
        }
      ],
      "actions": [
        {
          "type": "scanning",
          "value": 1
        }
      ],
      "techReq": "science"

    },



    /*  Consumables ---------------------- */

    {
      "id": "drink-water",
      "sprite": "drinkable-water",
      "craftedIn": ["crafting-station"],
      "craftTime": 1,
      "maxCarry": 10,
      "recyclable": false,
      "requires": [
        {
          "id": "ice",
          "quantity": 2
        }
      ],
      "actions": [
        {
          "type": "eat",
          "value": 25,
          "consumeLocMessage": "playerDrankMessage"
        }
      ]
    },

    {
      "id": "food",
      "sprite": "food",
      "craftedIn": ["crafting-station"],
      "craftTime": 1,
      "craftingQuantity": 2,
      "recyclable": false,
      "maxCarry": 10,
      "requires": [
        {
          "id": "plant",
          "quantity": 3
        }
      ],
      "actions": [
        {
          "type": "eat",
          "value": 50,
          "consumeLocMessage": "playerAteMessage"
        }
      ]
    },

    {
      "id": "rootstew",
      "sprite": "rootstew",
      "craftedIn": ["crafting-station"],
      "craftTime": 1,
      "recyclable": false,
      "maxCarry": 10,
      "requires": [
        {
          "id": "root",
          "quantity": 1
        },
        {
          "id": "drink-water",
          "quantity": 1
        }
      ],
      "actions": [
        {
          "type": "eat",
          "value": 140,
          "consumeLocMessage": "playerAteMessage"
        }
      ],
      "techReq": "food"
    },

    {
      "id": "healingstew",
      "sprite": "healingstew",
      "craftedIn": ["crafting-station"],
      "craftTime": 1,
      "recyclable": false,
      "maxCarry": 10,
      "requires": [
        {
          "id": "rootstew",
          "quantity": 1
        },
        {
          "id": "blueshroom",
          "quantity": 2
        }
      ],
      "actions": [
        {
          "type": "eat",
          "value": 90,
          "consumeLocMessage": "playerAteMessage"
        },
        {
          "type": "heal",
          "value": 100,
          "consumeLocMessage": "playerAteMessage"
        }
      ],
      "techReq": "chemistry"
    },


    {
      "id": "bigmeal",
      "sprite": "bigmeal",
      "craftedIn": ["crafting-station"],
      "craftTime": 1,
      "recyclable": false,
      "maxCarry": 10,
      "requires": [
        {
          "id": "plant",
          "quantity": 1
        },
        {
          "id": "fruit",
          "quantity": 1
        },
        {
          "id": "root",
          "quantity": 1
        }
      ],
      "actions": [
        {
          "type": "eat",
          "value": 240,
          "consumeLocMessage": "playerAteMessage"
        }
      ],
      "techReq": "food"
    },

    {
      "id": "creature-guts",
      "sprite": "creature-guts",
      "maxCarry": 10
    },

    {
      "id": "cooked-guts",
      "sprite": "creature-guts-cooked",
      "craftedIn": ["crafting-station"],
      "craftTime": 12,
      "recyclable": false,
      "maxCarry": 10,
      "requires": [
        {
          "id": "creature-guts",
          "quantity": 1
        }
      ],
      "actions": [
        {
          "type": "eat",
          "value": 70,
          "consumeLocMessage": "playerAteMessage"
        }
      ],
      "techReq": "food"
    },

    {
      "id": "energybar",
      "sprite": "energybar",
      "craftedIn": ["crafting-station"],
      "craftTime": 1,
      "recyclable": false,
      "maxCarry": 10,
      "craftingQuantity": 2,
      "requires": [
        {
          "id": "seed",
          "quantity": 1
        },
        {
          "id": "root-seed",
          "quantity": 1
        }
      ],
      "actions": [
        {
          "type": "eat",
          "value": 50,
          "consumeLocMessage": "playerAteDeliciousMessage"
        },
        {
          "type": "applyStatusEffect",
          "value": "statusFactory_seedBar"
        }
      ],
      "techReq": "food"
    },

    {
      "id": "portable-oxygen",
      "sprite": "portable-oxygen",
      "craftedIn": ["chemistrylab"],
      "craftTime": 1,
      "requires": [
        {
          "id": "metal",
          "quantity": 1
        },
        {
          "id": "ice",
          "quantity": 1
        }
      ],
      "actions": [
        {
          "type": "gainOxygen",
          "value": 200
        }
      ],
      "notStackable": true,
      "techReq": "chemistry"
    },


    {
      "id": "repair-kit",
      "sprite": "repair-kit",
      "craftedIn": [ "crafting-station" ],
      "craftTime": 2,
      "requires": [
        {
          "id": "scrap",
          "quantity": 1
        },
        {
          "id": "component",
          "quantity": 1
        }
      ],
      "actions": [
        {
          "type": "repair",
          "value": 0.5
        }
      ],
      "techReq": "transportation",
      "notStackable": true

    },


    {
      "id": "paintbrush",
      "sprite": "paintbrush",
      "craftedIn": [ "crafting-station" ],
      "craftTime": 4,
      "craftingQuantity": 1,
      "requires": [
        {
          "id": "scrap",
          "quantity": 2
        },
        {
          "id": "chemical",
          "quantity": 1
        },
        {
          "id": "drink-water",
          "quantity": 1
        }
      ],
      "actions": [
        {
          "type": "paint",
          "value": 0
        }
      ],
      "techReq": "chemistry"
    },

    {
      "id": "battery-jumper",
      "sprite": "battery-jumper",
      "craftedIn": [ "crafting-station" ],
      "craftTime": 2,
      "requires": [
        {
          "id": "batterycell",
          "quantity": 1
        },
        {
          "id": "conduit-builder",
          "quantity": 1
        }
      ],
      "actions": [
        {
          "type": "rechargeVehicle",
          "value": 0.5
        },
        {
          "type": "suitRecharge",
          "value": 1,
          "consumeLocMessage": "playerSuitRecharged"
        }
      ],
      "techReq": "transportation",
      "notStackable": true
    },

    {
      "id": "battery-jumper-dead",
      "sprite": "batterycell-dead",
      "recyclable": false,
      "craftTime": 0,
      "notStackable": true
    },


    {
      "id": "gardenpatch-builder",
      "sprite": "gardenpatch",
      "craftedIn": [
        "crafting-station"
      ],
      "craftTime": 6,
      "maxCarry": 10,
      "requires": [
        {
          "id": "rock",
          "quantity": 4
        },
        {
          "id": "wood",
          "quantity": 6
        }
      ],
      "actions": [
        {
          "type": "createBuilding",
          "value": "GardenPatch",
          "buildTime": 6
        }
      ],
      "techReq": "food"
    },

    {
      "id": "storage-crate-builder",
      "sprite": "storage",
      "craftedIn": ["crafting-station"],
      "craftTime": 4,
      "maxCarry": 10,
      "requires": [
        {
          "id": "scrap",
          "quantity": 2
        },
        {
          "id": "metal",
          "quantity": 2
        }
      ],
      "actions": [
        {
          "type": "createBuilding",
          "value": "StorageCrate",
          "buildTime": 2
        }
      ],
      "techReq": "storage",
      "placementSpriteScale": 0.77
    },


    {
      "id": "generator-builder",
      "sprite": "generator",
      "craftedIn": ["crafting-station"],
      "craftTime": 4,
      "maxCarry": 10,
      "requires": [
        {
          "id": "scrap",
          "quantity": 2
        },
        {
          "id": "metal",
          "quantity": 2
        },
        {
          "id": "component",
          "quantity": 2
        }
      ],
      "actions": [
        {
          "type": "createBuilding",
          "value": "Generator",
          "buildTime": 4
        }
      ]
    },

    {
      "id": "solar-builder",
      "sprite": "solar",
      "craftedIn": ["constructionyard"],
      "craftTime": 4,
      "maxCarry": 10,
      "requires": [
        {
          "id": "metal",
          "quantity": 2
        },
        {
          "id": "electronics",
          "quantity": 2
        }
      ],
      "actions": [
        {
          "type": "createBuilding",
          "value": "SolarPanel",
          "buildTime": 4
        }
      ],
      "techReq": "power"
    },


//    {
//      "id": "wide-solar-builder",
//      "sprite": "temp-2x1",
//      "craftedIn": ["constructionyard"],
//      "craftTime": 4,
//      "requires": [
//        {
//          "id": "metal",
//          "quantity": 1
//        }
//      ],
//      "actions": [
//        {
//          "type": "createBuilding",
//          "value": "WideSolar",
//          "buildTime": 4
//        }
//      ]
//    },
//
//    {
//      "id": "twobytwo-builder",
//      "sprite": "temp-2x2",
//      "craftedIn": ["constructionyard"],
//      "craftTime": 4,
//      "requires": [
//        {
//          "id": "metal",
//          "quantity": 1
//        }
//      ],
//      "actions": [
//        {
//          "type": "createBuilding",
//          "value": "TwoByTwoBase",
//          "buildTime": 4
//        }
//      ]
//    },



    {
      "id": "conduit-builder",
      "sprite": "conduit-builder",
      "craftedIn": [
        "crafting-station"
      ],
      "craftTime": 1,
      "maxCarry": 20,
      "requires": [
        {
          "id": "wire",
          "quantity": 2
        }
      ],
      "actions": [
        {
          "type": "createBuilding",
          "value": "Conduit",
          "buildTime": 0.5
        }
      ],
      "techReq": "power",
      "placementSpriteScale": 0.7
    },

    {
      "id": "powerswitch-builder",
      "sprite": "powerSwitch-builder",
      "craftedIn": [
        "crafting-station"
      ],
      "craftTime": 4,
      "maxCarry": 10,
      "requires": [
        {
          "id": "conduit-builder",
          "quantity": 1
        },
        {
          "id": "component",
          "quantity": 1
        }
      ],
      "actions": [
        {
          "type": "createBuilding",
          "value": "PowerSwitch",
          "buildTime": 0.5
        }
      ],
      "techReq": "power"
    },

    {
      "id": "lightsensor-builder",
      "sprite": "lightsensor-builder",
      "craftedIn": [
        "crafting-station"
      ],
      "craftTime": 4,
      "maxCarry": 10,
      "requires": [
        {
          "id": "conduit-builder",
          "quantity": 1
        },
        {
          "id": "electronics",
          "quantity": 1
        }
      ],
      "actions": [
        {
          "type": "createBuilding",
          "value": "LightSensor",
          "buildTime": 1
        }
      ],
      "techReq": "power"
    },

    {
      "id": "battery-builder",
      "sprite": "battery-builder",
      "craftedIn": [ "constructionyard" ],
      "craftTime": 4,
      "maxCarry": 10,
      "requires": [
        {
          "id": "metal",
          "quantity": 1
        },
        {
          "id": "batterycell",
          "quantity": 3
        }
      ],
      "actions": [
        {
          "type": "createBuilding",
          "value": "Battery",
          "buildTime": 4
        }
      ],
      "techReq": "batteries"
    },

    {
      "id": "battery2-builder",
      "sprite": "battery2-builder",
      "craftedIn": [ "constructionyard" ],
      "craftTime": 8,
      "maxCarry": 10,
      "requires": [
        {
          "id": "battery-builder",
          "quantity": 1
        },
        {
          "id": "batterycell",
          "quantity": 2
        },
        {
          "id": "electronics",
          "quantity": 1
        }

      ],
      "actions": [
        {
          "type": "createBuilding",
          "value": "Battery2",
          "buildTime": 12
        }
      ],
      "techReq": "power3"
    },



    /*  Base Modules ---------------------- */


    {
      "id": "habitat-builder",
      "sprite": "habitat-builder",
      "craftedIn": [
        "constructionyard"
      ],
      "craftTime": 8,
      "maxCarry": 4,
      "requires": [
        {
          "id": "metal",
          "quantity": 4
        },
        {
          "id": "gasket",
          "quantity": 1
        }
      ],
      "actions": [
        {
          "type": "createBuilding",
          "value": "HabitatModule",
          "buildTime": 4
        }
      ],
      "techReq": "construction"
    },

    {
      "id": "aircleaner-builder",
      "sprite": "aircleaner-builder",
      "craftedIn": [ "constructionyard" ],
      "craftTime": 8,
      "maxCarry": 4,
      "requires": [
        {
          "id": "habitat-builder",
          "quantity": 1
        },
        {
          "id": "component",
          "quantity": 2
        },
        {
          "id": "electronics",
          "quantity": 1
        }
      ],
      "actions": [
        {
          "type": "createBuilding",
          "value": "AirCleaner",
          "buildTime": 8
        }
      ],
      "techReq": "construction"
    },

    {
      "id": "airlock-builder",
      "sprite": "airlock-builder",
      "craftedIn": [ "constructionyard" ],
      "craftTime": 8,
      "maxCarry": 4,
      "requires": [
        {
          "id": "metal",
          "quantity": 3
        },
        {
          "id": "metal-beam",
          "quantity": 1
        },
        {
          "id": "gasket",
          "quantity": 2
        }
      ],
      "actions": [
        {
          "type": "createBuilding",
          "value": "Airlock",
          "buildTime": 6
        }
      ],
      "rotatable": true,
      "techReq": "construction"
    },

    {
      "id": "autoairlock-builder",
      "sprite": "autoairlock-builder",
      "craftedIn": [ "constructionyard" ],
      "craftTime": 8,
      "maxCarry": 4,
      "requires": [
        {
          "id": "airlock-builder",
          "quantity": 1
        },
        {
          "id": "electronics",
          "quantity": 3
        }
      ],
      "actions": [
        {
          "type": "createBuilding",
          "value": "AutoAirlock",
          "buildTime": 8
        }
      ],
      "rotatable": true,
      "techReq": "advancedModules"
    },

    {
      "id": "storage-container-builder",
      "sprite": "storage-builder",
      "craftedIn": ["constructionyard"],
      "craftTime": 8,
      "maxCarry": 4,
      "requires": [
        {
          "id": "habitat-builder",
          "quantity": 1
        },
        {
          "id": "storage-crate-builder",
          "quantity": 1
        }
      ],
      "actions": [
        {
          "type": "createBuilding",
          "value": "StoragePile",
          "buildTime": 4
        }
      ],
      "techReq": "storage"
    },


    {
      "id": "chemistrylab-builder",
      "sprite": "chemistrylab-builder",
      "craftedIn": ["constructionyard"],
      "craftTime": 4,
      "maxCarry": 4,
      "requires": [
        {
          "id": "habitat-builder",
          "quantity": 1
        },
        {
          "id": "conduit-builder",
          "quantity": 1
        },
        {
          "id": "electronics",
          "quantity": 1
        }
      ],
      "actions": [
        {
          "type": "createBuilding",
          "value": "ChemistryLab",
          "buildTime": 4
        }
      ],
      "techReq": "chemistry"
    },

//    {
//      "id": "npchome-builder",
//      "sprite": "npchome-builder",
//      "craftedIn": [],
//      "craftTime": 8,
//      "requires": [
//        {
//          "id": "metal",
//          "quantity": 1
//        }
//      ],
//      "actions": [
//        {
//          "type": "createBuilding",
//          "value": "NpcHome",
//          "buildTime": 1
//        }
//      ],
//      "techReq": "construction"
//    },

    {
      "id": "floodlight-builder",
      "sprite": "floodlight",
      "craftedIn": ["constructionyard"
      ],
      "craftTime": 4,
      "maxCarry": 10,
      "requires": [
        {
          "id": "metal-beam",
          "quantity": 2
        },
        {
          "id": "wire",
          "quantity": 2
        }
      ],
      "actions": [
        {
          "type": "createBuilding",
          "value": "FloodLight",
          "buildTime": 4
        }
      ],
      "techReq": "power"
    },

    {
      "id": "greenhouse-builder",
      "sprite": "greenhouse-builder",
      "craftedIn": ["constructionyard"],
      "craftTime": 8,
      "maxCarry": 4,
      "requires": [
        {
          "id": "habitat-builder",
          "quantity": 1
        },
        {
          "id": "gardenpatch-builder",
          "quantity": 1
        },
        {
          "id": "gasket",
          "quantity": 1
        }

      ],
      "actions": [
        {
          "type": "createBuilding",
          "value": "GreenHouse",
          "buildTime": 6
        }
      ],
      "techReq": "food2"
    },



    {
      "id": "windturbine-builder",
      "sprite": "windturbine-builder",
      "craftedIn": ["constructionyard"],
      "craftTime": 4,
      "maxCarry": 4,
      "requires": [
        {
          "id": "metal",
          "quantity": 3
        },
        {
          "id": "metal-beam",
          "quantity": 2
        },
        {
          "id": "engine",
          "quantity": 1
        }
      ],
      "actions": [
        {
          "type": "createBuilding",
          "value": "WindTurbine",
          "buildTime": 4,
          "buildNoAdjacentIndicator": true
        }
      ],
      "placementSpriteScale": 1.66,
      "placementSpriteOffset": {
        "x": 0,
        "y": 40
      },
      "techReq": "power"
    },

    {
      "id": "watersupply-builder",
      "sprite": "watersupply-builder",
      "craftedIn": ["constructionyard"],
      "craftTime": 8,
      "maxCarry": 4,
      "requires": [
        {
          "id": "habitat-builder",
          "quantity": 1
        },
        {
          "id": "gasket",
          "quantity": 1
        },
        {
          "id": "conduit-builder",
          "quantity": 1
        }
      ],
      "actions": [
        {
          "type": "createBuilding",
          "value": "WaterSupply",
          "buildTime": 8
        }
      ],
      "techReq": "food2"
    },



    {
      "id": "garage-builder",
      "sprite": "garage",
      "craftedIn": ["constructionyard" ],
      "craftTime": 4,
      "maxCarry": 10,
      "requires": [
        {
          "id": "metal",
          "quantity": 3
        },
        {
          "id": "component",
          "quantity": 4
        }
      ],
      "actions": [
        {
          "type": "createBuilding",
          "value": "Garage",
          "buildTime": 4
        }
      ],
      "techReq": "transportation"
    },

    {
      "id": "navlight-builder",
      "sprite": "navlight",
      "craftedIn": [ "constructionyard" ],
      "craftTime": 2,
      "maxCarry": 10,
      "requires": [
        {
          "id": "scrap",
          "quantity": 1
        },
        {
          "id": "wire",
          "quantity": 1
        }
      ],
      "actions": [
        {
          "type": "createBuilding",
          "value": "NavLight",
          "buildTime": 2
        }
      ],
      "techReq": "nav"
    },

    {
      "id": "commstower-builder",
      "sprite": "commstower",
      "craftTime": 4,
      "maxCarry": 4,
      "craftedIn": ["constructionyard"],
      "requires": [
        {
          "id": "metal-beam",
          "quantity": 3
        },
        {
          "id": "electronics",
          "quantity": 2
        }
      ],
      "actions": [
        {
          "type": "createBuilding",
          "value": "CommsTower",
          "buildTime": 4
        }
      ],
      "techReq": "nav"
    },

    {
      "id": "medbay-builder",
      "sprite": "medbay-builder",
      "craftedIn": ["constructionyard"],
      "craftTime": 8,
      "maxCarry": 4,
      "requires": [
        {
          "id": "habitat-builder",
          "quantity": 1
        },
        {
          "id": "electronics",
          "quantity": 1
        },
        {
          "id": "scrap",
          "quantity": 2
        }
      ],
      "actions": [
        {
          "type": "createBuilding",
          "value": "MedBay",
          "buildTime": 2
        }
      ],
      "techReq": "advancedModules"
    },

    {
      "id": "recycler-builder",
      "sprite": "recycler",
      "craftedIn": ["constructionyard"],
      "craftTime": 4,
      "maxCarry": 10,
      "requires": [
        {
          "id": "metal",
          "quantity": 3
        },
        {
          "id": "component",
          "quantity": 2
        }
      ],
      "actions": [
        {
          "type": "createBuilding",
          "value": "Recycler",
          "buildTime": 2
        }
      ],
      "techReq": "recycling"
    },


    {
      "id": "recycler-orig-builder",
      "sprite": "recycler",
      "craftedIn": [],
      "craftTime": 4,
      "maxCarry": 10,
      "requires": [
        {
          "id": "metal",
          "quantity": 1
        }

      ],
      "actions": [
        {
          "type": "createBuilding",
          "value": "RecyclerOrig",
          "buildTime": 2
        }
      ]
//      "techReq": "recycling"
    },

    {
      "id": "repairdronebase-builder",
      "sprite": "repairdronebase-builder",
      "craftedIn": ["advancedfabricator"],
      "craftTime": 8,
      "maxCarry": 10,
      "requires": [
        {
          "id": "metal",
          "quantity": 3
        },
        {
          "id": "electronics",
          "quantity": 2
        },
        {
          "id": "engine",
          "quantity": 1
        }
      ],
      "actions": [
        {
          "type": "createBuilding",
          "value": "RepairDroneBase",
          "buildTime": 2
        }
      ],
      "techReq": "advancedModules"
    },


    {
      "id": "autocrafter-builder",
      "sprite": "autocrafter-builder",
      "craftedIn": ["advancedfabricator"],
      "craftTime": 12,
      "maxCarry": 10,
      "requires": [
        {
          "id": "constructionyard-builder",
          "quantity": 1
        },
        {
          "id": "engine",
          "quantity": 2
        },
        {
          "id": "conduit-builder",
          "quantity": 2
        }

      ],
      "actions": [
        {
          "type": "createBuilding",
          "value": "CraftingBot",
          "buildTime": 2
        }
      ],
      "techReq": "advancedModules"
    },



    {
      "id": "rtg-builder",
      "sprite": "rtg",
      "maxCarry": 10,
      "craftedIn": [ "constructionyard" ],
      "craftTime": 4,
      "requires": [
        {
          "id": "metal",
          "quantity": 2
        },
        {
          "id": "electronics",
          "quantity": 2
        },
        {
          "id": "nuclear-fuel",
          "quantity": 2
        }
      ],
      "actions": [
        {
          "type": "createBuilding",
          "value": "Rtg",
          "buildTime": 8
        }
      ],
      "techReq": "power3"
    },

    {
      "id": "lightningcollector-builder",
      "sprite": "lightningcollector-builder",
      "craftedIn": [ "constructionyard" ],
      "craftTime": 4,
      "maxCarry": 10,
      "requires": [
        {
          "id": "metal-beam",
          "quantity": 4
        },
        {
          "id": "wire",
          "quantity": 6
        },
        {
          "id": "electronics",
          "quantity": 1
        }
      ],
      "actions": [
        {
          "type": "createBuilding",
          "value": "LightningCollector",
          "buildTime": 8
        }
      ],
      "techReq": "power3"
    },


    {
      "id": "walllight-builder",
      "sprite": "walllight",
      "craftTime": 4,
      "maxCarry": 10,
      "requires": [
        {
          "id": "metal-beam",
          "quantity": 1
        },
        {
          "id": "wire",
          "quantity": 2
        }
      ],
      "actions": [
        {
          "type": "createBuilding",
          "value": "WallLight",
          "buildTime": 2
        }
      ],
      "rotatable": true
    },








    {
      "id": "raincollector-builder",
      "sprite": "raincollector",
      "craftedIn": ["constructionyard"],
      "craftTime": 8,
      "maxCarry": 10,
      "requires": [
        {
          "id": "metal",
          "quantity": 3
        },
        {
          "id": "gasket",
          "quantity": 1
        }
      ],
      "actions": [
        {
          "type": "createBuilding",
          "value": "RainCollector",
          "buildTime": 2
        }
      ],
      "techReq": "food2"
    },

    {
      "id": "autoraincollector-builder",
      "sprite": "autoraincollector-builder",
      "craftedIn": ["constructionyard"],
      "craftTime": 8,
      "maxCarry": 10,
      "requires": [
        {
          "id": "raincollector-builder",
          "quantity": 1
        },
        {
          "id": "engine",
          "quantity": 1
        },
        {
          "id": "electronics",
          "quantity": 1
        }
      ],
      "actions": [
        {
          "type": "createBuilding",
          "value": "AutoRainCollector",
          "buildTime": 4
        }
      ],
      "techReq": "advancedModules"
    },


    {
      "id": "waterspigot-builder",
      "sprite": "waterspigot",
      "craftedIn": ["constructionyard"],
      "craftTime": 1,
      "maxCarry": 10,
      "requires": [
        {
          "id": "conduit-builder",
          "quantity": 1
        },
        {
          "id": "component",
          "quantity": 1
        }
      ],
      "actions": [
        {
          "type": "createBuilding",
          "value": "WaterSpigot",
          "buildTime": 1
        }
      ],
      "techReq": "food2"
    },
//    {
//      "id": "fluidtank",
//      "sprite": "fluidtank",
//      "craftedIn": ["crafting-station"],
//      "craftTime": 1,
//      "maxCarry": 10,
//      "requires": [
//        {
//          "id": "metal",
//          "quantity": 2
//        },
//        {
//          "id": "resin",
//          "quantity": 2
//        }
//      ],
//      "techReq": "storage"
//    },




    /*  Vehicles ---------------------- */

    {
      "id": "buggie",
      "sprite": "buggie-builder",
      "craftedIn": ["garage"],
      "recyclable": false,
      "craftTime": 8,
      "maxCarry": 10,
      "requires": [
        {
          "id": "engine",
          "quantity": 2
        },
        {
          "id": "metal",
          "quantity": 3
        },
        {
          "id": "batterycell",
          "quantity": 1
        }
      ],
      "techReq": "transportation"
    },

    {
      "id": "tank", 
      "sprite": "tank-builder",
      "craftedIn": ["garage"],
      "recyclable": false,
      "craftTime": 24,
      "maxCarry": 10,
      "requires": [
        {
          "id": "engine",
          "quantity": 4
        },
        {
          "id": "batterycell",
          "quantity": 2
        },
        {
          "id": "storage-crate-builder",
          "quantity": 1
        }
      ],
      "techReq": "dozer"
    },

    {
      "id": "rover",
      "sprite": "cargo",
      "recyclable": false,
      // "craftedIn": ["garage"],
      "craftTime": 8,
      "requires": [
        {
          "id": "engine",
          "quantity": 1
        }
      ],
      "techReq": "transportation9000"
    },

    {
      "id": "trailer",
      "sprite": "trailer-builder",
      "craftedIn": ["garage"],
      "recyclable": false,
      "craftTime": 4,
      "maxCarry": 10,
      "requires": [
        {
          "id": "storage-crate-builder",
          "quantity": 1
        },
        {
          "id": "metal",
          "quantity": 2
        },
        {
          "id": "component",
          "quantity": 3
        }
      ],
      "techReq": "transportation"
    },


    /*  Not used  ---------------------- */

    {
      "id": "explosive",
      "sprite": "tnt",
      "craftTime": 2,
      "requires": [
        {
          "id": "rock",
          "quantity": 2
        }
      ],
      "actions": [
        {
          "type": "createBuilding",
          "value": "Explosive",
          "buildTime": 0.2
        }
      ]
    },

    {
      "id": "gravel-builder",
      "sprite": "gravel-big",
      "craftTime": 2,
      "craftingQuantity": 4,
      "maxCarry": 32,
      "requires": [
        {
          "id": "rock",
          "quantity": 4
        }
      ],
      "actions": [
        {
          "type": "createBuilding",
          "value": "GravelFloor",
          "buildTime": 0.5
        }
      ]
    },
    {
      "id": "workbench-habitat-builder",
      "sprite": "workbench-habitat-builder",
      "craftedIn": ["constructionyard"],
      "craftTime": 8,
      "maxCarry": 4,
      "requires": [
        {
          "id": "habitat-builder",
          "quantity": 1
        },
        {
          "id": "crafting-station-builder",
          "quantity": 1
        }
      ],
      "actions": [
        {
          "type": "createBuilding",
          "value": "WorkbenchHabitat",
          "buildTime": 4
        }
      ],
      "techReq": "construction"
    },

    {
      "id": "biofuel",
      "sprite": "cargo",
      "craftTime": 1,
      "craftingQuantity": 1,
      "maxCarry": 20,
      "requires": [
        {
          "id": "plant",
          "quantity": 3
        }
      ]
    },


    /* New Rocket stuff --------------- */


    {
      "id": "advancedfabricator-builder",
      "sprite": "advancedfabricator",
      "craftedIn": ["constructionyard"],
      "craftTime": 24,
      "maxCarry": 10,
      "requires": [
        {
          "id": "special-metal",
          "quantity": 3
        },
        {
          "id": "crystal",
          "quantity": 4
        },
        {
          "id": "electronics",
          "quantity": 2
        }
      ],
      "actions": [
        {
          "type": "createBuilding",
          "value": "AdvancedFabricator",
          "buildTime": 1
        }
      ],
      "techReq": "advancedModules"
    },

    {
      "id": "refinery-builder",
      "sprite": "refinery-builder",
      "craftedIn": ["advancedfabricator"],
      "craftTime": 1,
      "maxCarry": 10,
      "requires": [
        {
          "id": "special-metal",
          "quantity": 4
        },
        {
          "id": "component",
          "quantity": 9
        },
        {
          "id": "conduit-builder",
          "quantity": 3
        }
      ],
      "actions": [
        {
          "type": "createBuilding",
          "value": "Refinery",
          "buildTime": 1
        }
      ],
      "techReq": "rocketry"
    },


    {
      "id": "fueltank-builder",
      "sprite": "fueltank-builder",
      "craftedIn": ["advancedfabricator"],
      "craftTime": 1,
      "maxCarry": 10,
      "requires": [
        {
          "id": "metal",
          "quantity": 4
        },
        {
          "id": "gasket",
          "quantity": 4
        },
        {
          "id": "conduit-builder",
          "quantity": 2
        }
      ],
      "actions": [
        {
          "type": "createBuilding",
          "value": "FuelTank",
          "buildTime": 1
        }
      ],
      "techReq": "rocketry"
    },

    {
      "id": "launchpad-builder",
      "sprite": "launchpad-builder",
      "craftedIn": ["advancedfabricator"],
      "craftTime": 1,
      "notStackable": true,
      "requires": [
        {
          "id": "special-metal",
          "quantity": 15
        },
        {
          "id": "metal-beam",
          "quantity": 8
        },
        {
          "id": "conduit-builder",
          "quantity": 5
        }
      ],
      "actions": [
        {
          "type": "createBuilding",
          "value": "LaunchPad",
          "buildTime": 1
        }
      ],
      "placementSpriteScale": 3,
      "proxyTiles": [
        { "x": -1, "y": -1 },
        { "x": 0, "y": -1 },
        { "x": 1, "y": -1 },
        { "x": -1, "y": 0 },
        { "x": 1, "y": 0 },
        { "x": -1, "y": 1 },
        { "x": 0, "y": 1 },
        { "x": 1, "y": 1 }
      ],
      "techReq": "rocketry"
    },


    {
      "id": "rocketengine",
      "sprite": "rocketengine",
      "craftedIn": ["advancedfabricator"],
      "craftTime": 12,
      "maxCarry": 10,
      "requires": [
        {
          "id": "special-metal",
          "quantity": 5
        },
        {
          "id": "engine",
          "quantity": 2
        },
        {
          "id": "conduit-builder",
          "quantity": 2
        }
      ],
      "techReq": "rocketry"
    },

    {
      "id": "rockethull",
      "sprite": "rockethull",
      "craftedIn": ["advancedfabricator"],
      "craftTime": 12,
      "maxCarry": 10,
      "requires": [
        {
          "id": "special-metal",
          "quantity": 4
        },
        {
          "id": "fueltank-builder",
          "quantity": 1
        },
        {
          "id": "metal-beam",
          "quantity": 4
        }
      ],
      "techReq": "rocketry"
    },

    {
      "id": "flightcontrols",
      "sprite": "flightcontrols",
      "craftedIn": ["advancedfabricator"],
      "craftTime": 24,
      "maxCarry": 10,
      "requires": [
        {
          "id": "special-metal",
          "quantity": 3
        },
        {
          "id": "electronics",
          "quantity": 5
        }
      ],
      "techReq": "rocketry"
    },

    {
      "id": "rocket",
      "sprite": "rocket-builder",
      "craftedIn": ["launchpad"],
      "craftTime": 12,
      "maxCarry": 10,
      "requires": [
//        {
//          "id": "metal",
//          "quantity": 1
//        }
        {
          "id": "rocketengine",
          "quantity": 2
        },
        {
          "id": "rockethull",
          "quantity": 2
        },
        {
          "id": "flightcontrols",
          "quantity": 1
        }
      ],
      "techReq": "rocketry"
    },

    {
      "id": "magic-power-builder",
      "sprite": "magic",
      "craftTime": 1,
      "maxCarry": 99,
      "actions": [
        {
          "type": "createBuilding",
          "value": "MagicPower",
          "buildTime": 1
        }
      ]
    },




    /*  Research Objects ---------------------- */

    {
      "id": "researchObject",
      "sprite": "artifact",
      "recyclable": false,
      "researchPoints": 5,
      "notStackable": true
    }






  ]
}
