{
  "projectileDataList": [
    {
      "id": "volcanoBlob",
      "bullet": false,
      "drawable": "meteor",
      "imageWidth": 50,
      "imageHeight": 50,
      "bulletParticles": "",
      "bulletParticleScale": 0,
      "impactParticles": "particles/meteor-explosion.p",
      "impactParticleScale": 0.8,
      "velocity": 300,
      "arcMultiplier": 0.35,
      "radius": 45,
      "rotationSpeed": 0,
      "alignToVelocity": true,
      "attachLight": true,
      "lightHexColor": "ffcc00ff",
      "lightRadius": 200,
      "decayLength": 2,
      "damageDef": {
        "damageType": "fire"
      }
    },
    {
        "id": "lavaBlob",
        "bullet": false,
        "drawable": "meteor",
        "imageWidth": 50,
        "imageHeight": 50,
        "bulletParticles": "",
        "bulletParticleScale": 0,
        "impactParticles": "particles/meteor-explosion.p",
        "impactParticleScale": 0.8,
        "velocity": 300,
        "arcMultiplier": 0.35,
        "radius": 45,
        "rotationSpeed": 0,
        "alignToVelocity": true,
        "attachLight": true,
        "lightHexColor": "ffcc00ff",
        "lightRadius": 200,
        "decayLength": 2
    },
    {
      "id": "lavaBlob2",
      "bullet": false,
      "drawable": "meteor",
      "imageWidth": 50,
      "imageHeight": 50,
//      "bulletParticles": "",
      "bulletParticleScale": 0,
      "impactParticles": "particles/meteor-explosion.p",
      "impactParticleScale": 0.8,
      "velocity": 350,
      "arcMultiplier": 0.35,
      "radius": 45,
      "rotationSpeed": 0,
      "alignToVelocity": true,
      "attachLight": true,
      "lightHexColor": "ffcc00ff",
      "lightRadius": 200,
      "decayLength": 0.3
    },
    {
      "id": "slugSlime",
      "bullet": false,
      "drawable": "slime-shot3",
      "impactDecals": ["slimesplat1", "slimesplat2"],
      "impactDecalScale": 1,
      "imageWidth": 50,
      "imageHeight": 50,
      "bulletParticles": "particles/slime-projectile.p",
      "bulletParticleScale": 1,
      "impactParticles": "particles/slime-projectile-hit.p",
      "impactParticleScale": 0.8,
      "velocity": 300,
      "arcMultiplier": 0.25,
      "radius": 25,
      "rotationSpeed": 300,
      "alignToVelocity": false,
      "attachLight": false,
      "lightHexColor": "ffcc00ff",
      "lightRadius": 200,
      "decayLength": 0.3,
      "damageDef": {
        "damageType": "physical"
      }
    },
    {
      "id": "slugFireBlob",
      "bullet": false,
      "drawable": "fire-slug-projectile",
      "impactDecals": ["explosion-blast1"],
      "impactDecalScale": 1,
      "imageWidth": 50,
      "imageHeight": 50,
      "bulletParticles": "particles/fire-projectile.p",
      "bulletParticleScale": 1,
      "impactParticles": "particles/fire-projectile-hit.p",
      "impactParticleScale": 0.8,
      "velocity": 300,
      "arcMultiplier": 0.25,
      "radius": 25,
      "rotationSpeed": 300,
      "alignToVelocity": false,
      "attachLight": false,
      "lightHexColor": "ffcc00ff",
      "lightRadius": 200,
      "decayLength": 0.3,
      "damageDef": {
        "damageType": "fire"
      }
    }
  ]
}
