{
  "vehicleDataList": [


    /*
      Wheel x / y is based on the body facing east. so +/- Y is left and right
    */


    {
      "id": "buggie",
      "physicsBody": "buggie",
      "trailerHitch": true,
      "drivable": true,
      "maxHealth": 40,
      "armorMul": 0.25,
      "damagedThreshold": 12,
      "veryDamagedThreshold": 5,
      "drift": 0.5,
      "maxSteeringAngle": 30,
      "steeringRate": 100,
      "headlightDistance": 900,
      "headlightAngle": 50,
      "maxSpeed": 8,
      "wheelPower": 0.45,
      "engineSoundFile": "sounds/engine-loop.ogg",
      "driverHead": true,
      "driverHeadX": -15,
      "driverHeadY": 0,
      "wheelDataArrayList": [
        {
          "x": 40, "y": 40,
          "turning": true, "powered": true
        },
        {
          "x": 40, "y": -40,
          "turning": true, "powered": true
        },
        {
          "x": -45, "y": 40,
          "turning": false, "powered": true
        },
        {
          "x": -45, "y": -40,
          "turning": false, "powered": true
        }
      ],
      "physicsDensity": 5.0,
      "physicsFriction": 0.3,
      "physicsAngularDampening": 1,
      "maxBatteryCharge": 200,
      "rechargeRate": 10
    },

    {
      "id": "tank",
      "physicsBody": "tank",
      "trailerHitch": false,
      "drivable": true,
      "maxHealth": 100,
      "armorMul": 0.4,
      "damagedThreshold": 12,
      "veryDamagedThreshold": 5,
      "drift": 0.0,
      "maxSteeringAngle": 40,
      "steeringRate": 300,
      "headlightDistance": 1000,
      "headlightAngle": 60,
      "maxSpeed": 4,
      "wheelPower": 0.8,
      "engineSoundFile": "sounds/engine-loop.ogg",
      "driverHead": true,
      "driverHeadX": 20,
      "driverHeadY": 0,
      "wheelDataArrayList": [
        {
          "x": 0, "y": 50,
          "turning": false, "powered": true
        },
        {
          "x": 0, "y": -50,
          "turning": false, "powered": true
        }
      ],
      "physicsDensity": 8.0,
      "physicsFriction": 0.8,
      "physicsAngularDampening": 1,
      "maxBatteryCharge": 600,
      "rechargeRate": 20
    },

    {
      "id": "rover",
      "physicsBody": "buggie",
      "drivable": true,
      "maxHealth": 30,
      "damagedThreshold": 12,
      "veryDamagedThreshold": 5,
      "drift": 0.5,
      "maxSteeringAngle": 50,
      "steeringRate": 120,
      "headlightDistance": 400,
      "headlightAngle": 45,
      "maxSpeed": 6,
      "wheelPower": 0.45,
      "engineSoundFile": "sounds/engine-loop.ogg",
      "driverHead": true,
      "driverHeadX": -30,
      "driverHeadY": 0,
      "wheelDataArrayList": [
        {
          "x": 40, "y": 40,
          "turning": true, "powered": false
        },
        {
          "x": 40, "y": -40,
          "turning": true, "powered": false
        },
        {
          "x": -45, "y": 40,
          "turning": false, "powered": true
        },
        {
          "x": -45, "y": -40,
          "turning": false, "powered": true
        }
      ],
      "trunkStorageSize": 0,
      "physicsDensity": 5.0,
      "physicsFriction": 0.3,
      "physicsAngularDampening": 1,
      "maxBatteryCharge": 100,
      "rechargeRate": 8
    },

    {
      "id": "threewheeler",
      "physicsBody": "buggie",
      "drivable": true,
      "maxHealth": 30,
      "damagedThreshold": 12,
      "veryDamagedThreshold": 5,
      "drift": 0.5,
      "maxSteeringAngle": 50,
      "steeringRate": 200,
      "headlightDistance": 750,
      "headlightAngle": 45,
      "maxSpeed": 15,
      "wheelPower": 2.65,
      "engineSoundFile": "sounds/engine-loop.ogg",
      "driverHead": true,
      "driverHeadX": -15,
      "driverHeadY": 0,
      "wheelDataArrayList": [
        {
          "x": 40, "y": 40,
          "turning": true, "powered": false
        },
        {
          "x": 40, "y": -40,
          "turning": true, "powered": false
        },
        {
          "x": -65, "y": 0,
          "turning": false, "powered": true
        }
      ],
      "trunkStorageSize": 0,
      "physicsDensity": 5.0,
      "physicsFriction": 0.3,
      "physicsAngularDampening": 1
    },

    {
      "id": "trailer",
      "physicsBody": "trailer",
      "drivable": false,
      "maxHealth": 30,
      "damagedThreshold": 12,
      "veryDamagedThreshold": 5,
      "maxSpeed": 15,
      "wheelDataArrayList": [
        {
          "x": -15, "y": 50,
          "turning": false, "powered": false
        },
        {
          "x": -15, "y": -50,
          "turning": false, "powered": false
        }
      ],
      "trunkStorageSize": 6,
      "trailerHitch": true,
      "physicsDensity": 5.0,
      "physicsFriction": 0.7,
      "physicsAngularDampening": 6
    }
  ]
}