{
  "weatherDataList": [
    {
      "defaultWeather": true,
      "id": "clear",
      "minDuration": 240,
      "maxDuration": 360,
      "chance": 0.7,
      "color": { "r": 1, "g": 1, "b": 1, "a": 1 },
      "particleFx": "particles/dust.p",
      "solarEfficency": 1,
      "rainRate": 0,
      "dustRate": 0.1,
      "windMin": 0.25,
      "windMax": 0.4,
      "bloom_blurAmount": 0.2,
      "bloom_threshold": 0.2,
      "bloom_baseIntensity": 1,
      "bloom_baseSaturation": 1,
      "bloom_bloomIntensity": 0.0,
      "bloom_bloomSaturation": 1
    },
    {
      "id": "sandstorm",
      "minDuration": 60,
      "maxDuration": 80,
      "chance": 0.1,
      "color": { "r": 0.9, "g": 0.75, "b": 0.7, "a": 1 },
      "particleFx": "particles/sandstorm.p",
      "solarEfficency": 0.8,
      "rainRate": 0,
      "dustRate": 1,
      "windMin": 0.95,
      "windMax": 1.0,
      "bloom_blurAmount": 1,
      "bloom_threshold": 0.2,
      "bloom_baseIntensity": 0.75,
      "bloom_baseSaturation": 1,
      "bloom_bloomIntensity": 0.75,
      "bloom_bloomSaturation": 1,
      "soundFile": "sounds/sandstorm.ogg",
      "riskToItemPiles": true
    },
    {
      "id": "rain",
      "minDuration": 60,
      "maxDuration": 80,
      "chance": 0.1,
      "color": { "r": 0.75, "g": 0.8, "b": 1, "a": 1 },
      "particleFx": "particles/rain.p",
      "solarEfficency": 0.8,
      "rainRate": 1,
      "dustRate": -3,
      "windMin": 0.3,
      "windMax": 0.4,
      "bloom_blurAmount": 0.2,
      "bloom_threshold": 0.2,
      "bloom_baseIntensity": 0.7,
      "bloom_baseSaturation": 0.8,
      "bloom_bloomIntensity": 0.5,
      "bloom_bloomSaturation": 0.5,
      "soundFile": "sounds/rain.ogg"
    },
    {
      "id": "thunder",
      "minDuration": 60,
      "maxDuration": 80,
      "chance": 0.1,
      "color": { "r": 0.75, "g": 0.8, "b": 1, "a": 1 },
      "particleFx": "particles/rain.p",
      "solarEfficency": 0.8,
      "rainRate": 1,
      "dustRate": -3,
      "windMin": 0.5,
      "windMax": 0.8,
      "bloom_blurAmount": 0.2,
      "bloom_threshold": 0.2,
      "bloom_baseIntensity": 0.7,
      "bloom_baseSaturation": 0.8,
      "bloom_bloomIntensity": 0.5,
      "bloom_bloomSaturation": 0.5,
      "soundFile": "sounds/rain.ogg",
      "hazards": "lightning"
    }
  ]
}
